id;titulo;descripcion;empresa;salario;ciudad;email
1;Buckinghamshire;forecast;Developer Hong Kong Dollar synthesize;58479;Nepal Human array;Madge_Mayert@hotmail.com
2;intranet Personal Loan Account;Belarus Garden clicks-and-mortar;Small Steel Shoes multi-byte Rustic Granite Cheese;11690;parsing;Carson.Weber@yahoo.com
3;Chair Tugrik;orchid payment;Wooden program;65591;Uganda West Virginia;Jewell_Hauck73@yahoo.com
4;SMS;quantify Nebraska;TCP Persevering;28596;Devolved magenta Executive;Hobart63@yahoo.com
5;Auto Loan Account Principal payment;Street Division;incentivize Rubber;22268;quantifying drive;Emie_Effertz@gmail.com
6;Incredible Concrete Car metrics mint green;Progressive reboot;grow;99227;Table Investment Account Associate;Enrique61@gmail.com
7;Multi-channelled navigate;Soap;Right-sized;78292;Movies Lempira;Johnny.Kris@hotmail.com
8;context-sensitive;firewall Forest Pants;HDD;11061;Generic withdrawal;Garrick_Feest@yahoo.com
9;Central African Republic Executive Avon;connecting;invoice synthesizing solutions;52709;Rubber;Ashley_Ziemann@yahoo.com
10;Cape SSL;Licensed;sticky Fantastic Fresh Hat primary;95756;bypassing Architect Music;Cielo_Torphy92@yahoo.com
